Statistic,Value
F-Statistic,4.632553854159422
p-value,0.002208543975363788
